mean_fit_time,std_fit_time,mean_score_time,std_score_time,param_n_estimators,params,split0_test_score,split1_test_score,split2_test_score,split3_test_score,split4_test_score,mean_test_score,std_test_score,rank_test_score,split0_train_score,split1_train_score,split2_train_score,split3_train_score,split4_train_score,mean_train_score,std_train_score
4.685156297683716,0.0498776218066691,0.3863665580749512,0.11180224058688186,5,{'n_estimators': 5},0.5200146429934844,0.5314905260372523,0.6205555926542531,0.5752493292306564,0.5998793569011046,0.5694378219335293,0.03861642475706495,2,0.6734628452930375,0.6366550416699484,0.6317764915178445,0.6388971817735412,0.6341759060968057,0.6429934932702354,0.015420169396804522
92.09712839126587,14.61511448080149,4.513596153259277,0.24092431634166514,100,{'n_estimators': 100},0.5303367510386303,0.5723186684311206,0.6201311766688505,0.5829434617204076,0.6104862887077258,0.5832432087893091,0.03169050075736756,1,0.6845797865848979,0.6439783455040512,0.6423327385519753,0.6488546174744878,0.6450643603548373,0.6529619696940498,0.01595377684896172
